House_ID,Area_sqft,Bedrooms,Bathrooms,Age_years,Distance_to_City_km,Price_Lakhs
1001,1360,4,2,4,6.0,109.43
1002,1794,4,3,28,22.1,199.55
1003,1630,2,1,4,19.2,125.13
1004,1595,3,3,5,2.1,189.03
1005,2138,1,3,18,7.4,212.6
1006,2669,5,2,7,1.5,224.38
1007,966,1,3,15,13.0,59.11
1008,1738,1,2,12,12.4,190.57
1009,830,3,1,0,21.0,118.06
1010,1982,1,2,21,8.4,166.12
1011,2635,2,1,19,20.6,219.44
1012,3419,2,2,16,24.2,314.57
1013,630,4,3,30,3.1,78.74
1014,2185,5,3,6,20.0,241.4
1015,1269,1,1,24,15.2,122.98
1016,2891,1,1,12,12.5,288.25
1017,2015,3,1,3,11.1,216.2
1018,3353,2,2,3,19.8,321.4
1019,2933,5,2,5,16.3,278.51
1020,1715,4,1,27,20.3,153.16
1021,1455,2,3,30,22.7,133.3
1022,2824,4,2,18,15.8,297.75
1023,1684,3,2,28,24.5,147.85
1024,959,3,2,11,15.6,110.69
1025,521,1,1,21,16.3,25.0
1026,2800,5,1,6,14.3,282.86
1027,1247,4,1,26,3.2,168.2
1028,3404,2,1,9,18.4,290.14
1029,974,3,1,25,14.1,154.24
1030,1582,1,3,18,11.8,154.72
1031,3058,1,3,6,22.9,233.3
1032,2547,4,1,29,8.2,227.74
1033,3247,3,2,2,13.6,330.08
1034,1475,5,1,12,17.7,189.57
1035,2306,3,3,12,20.1,234.3
1036,689,4,3,17,12.0,116.23
1037,3234,4,2,27,21.2,271.42
1038,1062,3,3,29,19.5,94.25
1039,2399,4,1,25,2.6,196.02
1040,1767,3,2,19,2.1,164.12
1041,3379,2,1,27,15.9,309.51
1042,2028,3,1,7,9.3,202.1
1043,1146,3,2,28,6.0,131.53
1044,2568,4,1,30,14.9,216.71
1045,3388,4,3,8,9.2,307.6
1046,2714,1,1,6,13.9,251.21
1047,1797,1,2,0,12.0,165.7
1048,2935,2,2,2,15.0,298.56
1049,1100,1,2,12,10.6,99.9
1050,2863,3,1,27,17.7,246.39
1051,2561,4,2,29,5.3,247.42
1052,741,1,2,24,17.7,64.58
1053,2541,1,1,30,10.9,198.44
1054,3324,2,3,27,22.0,275.2
1055,3112,2,1,16,13.4,289.71
1056,3445,3,2,24,24.4,282.63
1057,1863,4,2,23,15.4,205.46
1058,2639,2,1,0,6.4,238.65
1059,1890,1,3,5,20.7,192.75
1060,1978,4,2,20,9.3,182.53
1061,3056,4,2,5,9.3,277.28
1062,1275,1,2,25,1.8,126.42
1063,534,2,1,11,14.2,82.3
1064,2753,1,2,12,13.8,246.12
1065,2455,4,3,12,9.5,240.57
1066,2085,5,2,28,22.5,212.48
1067,1521,5,2,14,4.1,179.28
1068,3113,3,3,20,8.9,288.8
1069,1629,1,2,15,8.7,147.19
1070,2000,1,1,21,3.2,183.82
1071,1202,3,1,20,12.5,116.36
1072,2949,3,1,10,17.5,277.67
1073,3277,3,3,27,13.3,276.54
1074,2079,4,2,4,4.8,217.82
1075,661,1,1,3,10.1,63.07
1076,701,4,3,2,1.1,117.41
1077,2481,3,2,18,21.8,217.25
1078,1495,1,3,19,3.0,134.78
1079,2817,4,1,24,15.3,265.91
1080,1315,4,1,17,24.7,131.04
1081,955,3,1,14,13.9,142.59
1082,1775,1,3,8,23.2,140.03
1083,1516,3,3,16,6.7,158.69
1084,2843,1,1,13,19.2,273.12
1085,3267,5,3,14,13.8,301.76
1086,837,2,1,30,18.3,60.85
1087,1378,2,1,0,2.5,129.58
1088,1576,2,2,20,4.5,124.37
1089,1291,3,3,21,4.2,160.01
1090,2764,5,1,21,17.5,252.33
1091,1263,1,1,2,21.3,115.74
1092,2735,4,3,15,19.0,222.34
1093,879,1,2,22,1.7,64.21
1094,992,4,2,24,21.8,129.87
1095,1680,1,1,10,9.5,164.43
1096,2562,5,3,11,10.5,276.04
1097,564,4,2,9,3.5,100.48
1098,3068,3,3,15,18.7,266.97
1099,1867,1,3,7,5.4,227.69
1100,1652,1,1,5,14.5,192.69
1101,2527,4,2,11,21.2,231.18
1102,3195,3,1,23,3.1,226.61
1103,1995,3,2,27,13.8,179.48
1104,1662,5,2,20,6.6,176.25
1105,2022,3,2,7,9.2,190.58
1106,3140,3,2,25,12.4,280.82
1107,891,3,2,27,9.5,78.64
1108,2198,2,3,3,16.6,230.96
1109,918,5,1,25,12.5,102.05
1110,2836,1,3,7,15.0,280.09
1111,878,4,2,25,18.7,116.33
1112,2296,1,1,27,14.4,161.13
1113,2778,5,2,17,15.1,251.63
1114,2588,4,1,27,14.5,225.82
1115,2682,5,3,27,10.1,302.87
1116,700,3,1,4,9.1,89.8
1117,2363,4,1,8,22.6,240.17
1118,1279,3,1,3,15.6,100.75
1119,3477,1,1,26,6.9,306.41
1120,1002,1,1,21,13.0,111.68
1121,2954,4,2,30,8.9,286.99
1122,2251,4,1,16,23.4,222.57
1123,1304,5,1,8,1.2,147.25
1124,2646,5,3,0,6.4,270.78
1125,3231,3,1,20,9.8,262.73
1126,2395,4,3,19,12.7,215.47
1127,3273,1,2,12,21.4,296.27
1128,2070,5,1,27,3.1,188.13
1129,1460,5,3,15,20.3,168.14
1130,3160,1,3,28,2.3,291.8
1131,1985,5,2,12,21.2,223.32
1132,3190,3,1,13,2.2,313.48
1133,1528,4,1,2,1.4,169.38
1134,1002,1,3,28,17.7,108.04
1135,3314,4,1,5,24.9,325.32
1136,897,5,3,17,22.5,96.89
1137,1370,5,1,18,14.8,136.44
1138,3342,1,3,4,23.0,303.08
1139,892,3,1,14,1.1,92.18
1140,706,2,2,24,24.4,88.55
1141,1538,1,1,1,12.8,139.41
1142,2381,2,1,9,18.3,242.56
1143,3439,2,2,23,20.7,297.81
1144,1984,3,1,29,18.2,187.82
1145,1363,2,2,17,13.8,136.67
1146,3290,2,1,26,12.4,272.44
1147,1063,3,3,12,21.1,115.01
1148,1520,2,3,4,5.9,165.94
1149,595,2,1,22,24.2,57.85
1150,2423,2,1,23,18.1,191.8
1151,2257,1,1,0,5.8,245.44
1152,3032,1,3,21,18.7,272.2
1153,2778,1,1,0,13.7,242.04
1154,3296,3,3,17,18.0,332.68
1155,2178,5,2,14,19.4,225.75
1156,1040,2,3,16,3.1,91.91
1157,1559,2,3,10,13.1,138.63
1158,3072,3,2,20,23.4,273.93
1159,1683,2,3,25,8.7,166.61
1160,2222,1,1,30,15.3,203.23
1161,2319,5,1,24,9.9,238.55
1162,3125,4,3,21,11.9,302.62
1163,3229,2,1,26,14.2,308.44
1164,3104,1,3,26,14.2,277.85
1165,2097,4,1,16,5.8,190.74
1166,3193,5,1,12,17.4,299.65
1167,1295,4,3,0,3.1,150.75
1168,1551,1,1,1,4.3,108.37
1169,2143,4,3,8,1.1,210.27
1170,1863,3,1,2,3.8,194.58
1171,2481,4,1,30,12.4,219.41
1172,1854,2,2,0,15.5,172.53
1173,2163,2,2,20,20.1,214.22
1174,2029,3,3,15,3.6,185.46
1175,2538,1,2,22,21.4,236.95
1176,1996,2,3,5,18.9,171.31
1177,2737,5,2,27,10.8,307.71
1178,1908,2,1,16,23.4,170.31
1179,1900,2,3,4,24.8,179.8
1180,1806,1,3,30,5.9,186.52
1181,3180,4,1,4,10.1,294.03
1182,3175,2,3,5,23.2,320.19
1183,1472,3,3,2,18.3,163.3
1184,2268,4,2,20,2.2,218.88
1185,1782,5,3,22,19.8,175.39
1186,1209,1,1,4,20.9,139.99
1187,1979,5,2,20,19.0,198.71
1188,1934,4,2,4,20.2,202.9
1189,1148,4,1,9,20.8,132.09
1190,817,4,1,9,5.5,101.96
1191,1757,5,2,18,6.7,190.46
1192,1183,4,3,16,16.2,126.96
1193,1163,5,2,20,22.8,122.98
1194,2498,4,1,13,8.6,219.03
1195,2131,3,2,8,15.1,212.81
1196,1995,4,1,13,17.4,162.38
1197,1636,5,2,0,11.8,184.03
1198,2353,2,3,18,18.1,213.72
1199,2020,4,2,12,22.6,203.93
1200,2989,2,2,12,16.0,254.99
